{"loss": 13530703.0, "ratio": 5.739748477935791, "_timestamp": 1701060099.8849459, "_runtime": 134.95377588272095, "_step": 1215, "_wandb": {"runtime": 133}}