{"loss": 1189573.75, "ratio": 2.280052900314331, "_timestamp": 1701061897.657602, "_runtime": 284.3361961841583, "_step": 2591, "_wandb": {"runtime": 283}}