{"loss": 455383.03125, "ratio": 6.483913898468018, "_timestamp": 1701061594.205162, "_runtime": 488.6660900115967, "_step": 4580, "_wandb": {"runtime": 487}}