{"loss": 7387731.0, "ratio": 11.684426307678223, "_timestamp": 1701058604.690495, "_runtime": 90.50191402435303, "_step": 1019, "_wandb": {"runtime": 89}}