{"loss": 103.22856903076172, "ratio": 1.484375, "_timestamp": 1701209758.7990139, "_runtime": 320.42529296875, "_step": 564, "_wandb": {"runtime": 319}}