{"loss": 1184.278076171875, "ratio": 2.401360544217687, "_timestamp": 1701210173.776994, "_runtime": 404.41708993911743, "_step": 632, "_wandb": {"runtime": 403}}