{"loss": 4318487.5, "ratio": 3.3431451320648193, "_timestamp": 1701067120.522016, "_runtime": 1193.5876879692078, "_step": 2214, "_wandb": {"runtime": 1193}}