{"loss": 42304592.0, "ratio": 3.855712652206421, "_timestamp": 1701059640.957209, "_runtime": 84.5279700756073, "_step": 768, "_wandb": {"runtime": 83}}