{"loss": 3488388.25, "ratio": 4.5894622802734375, "_timestamp": 1701058930.378835, "_runtime": 290.3454909324646, "_step": 3327, "_wandb": {"runtime": 289}}