{"loss": 10352422.0, "ratio": 4.340179443359375, "_timestamp": 1701059952.693376, "_runtime": 93.37601113319397, "_step": 836, "_wandb": {"runtime": 92}}