{"loss": 5081683.0, "ratio": 5.452225685119629, "_timestamp": 1701067860.4630568, "_runtime": 586.2133047580719, "_step": 1129, "_wandb": {"runtime": 585}}