{"loss": 6224136.0, "ratio": 1.9722034931182861, "_timestamp": 1701091222.354686, "_runtime": 893.9046130180359, "_step": 1673, "_wandb": {"runtime": 893}}