{"loss": 35881.1875, "ratio": 4.228346456692913, "_timestamp": 1701209010.8081348, "_runtime": 602.3926827907562, "_step": 751, "_wandb": {"runtime": 602}}