{"loss": 44349888.0, "ratio": 2.283884048461914, "_timestamp": 1701067143.8513489, "_runtime": 8.471950769424438, "_step": 8, "_wandb": {"runtime": 7}}