{"loss": 85.57083129882812, "ratio": 3.578125, "_timestamp": 1701210485.338269, "_runtime": 94.77794408798218, "_step": 186, "_wandb": {"runtime": 94}}