{"loss": 549592.0625, "ratio": 1.8007087707519531, "_timestamp": 1701065871.86751, "_runtime": 2031.0776450634003, "_step": 3779, "_wandb": {"runtime": 2030}}