{"loss": 43193960.0, "ratio": 2.0971121788024902, "_timestamp": 1701068411.1571991, "_runtime": 535.6216082572937, "_step": 1023, "_wandb": {"runtime": 535}}