{"loss": 758312.5625, "ratio": 4.3795976638793945, "_timestamp": 1701063821.393564, "_runtime": 529.8517270088196, "_step": 3749, "_wandb": {"runtime": 529}}