{"loss": 20512120.0, "ratio": Infinity, "_timestamp": 1701058484.240087, "_runtime": 89.13860702514648, "_step": 1019, "_wandb": {"runtime": 88}}