{"loss": 66789876.0, "ratio": 1.813181757926941, "_timestamp": 1701058945.6432588, "_runtime": 4.791128873825073, "_step": 16, "_wandb": {"runtime": 3}}