{"loss": 182677.09375, "ratio": 5.192460536956787, "_timestamp": 1701063281.3447459, "_runtime": 437.5942208766937, "_step": 3022, "_wandb": {"runtime": 436}}