{"loss": 18068.505859375, "ratio": 1.4877437325905292, "_timestamp": 1701209404.18117, "_runtime": 100.78391194343567, "_step": 182, "_wandb": {"runtime": 100}}