{"loss": 41124444.0, "ratio": 2.6198019981384277, "_timestamp": 1701059544.0646641, "_runtime": 106.43235421180725, "_step": 969, "_wandb": {"runtime": 105}}