{"loss": -41.07512664794922, "ratio": 2.491228070175439, "_timestamp": 1701209236.503505, "_runtime": 108.554692029953, "_step": 197, "_wandb": {"runtime": 107}}