{"loss": 7281760.0, "ratio": 7.596875190734863, "_timestamp": 1701071679.448628, "_runtime": 3238.293902873993, "_step": 6299, "_wandb": {"runtime": 3237}}