{"loss": NaN, "ratio": 1.7327188940092166, "_timestamp": 1701209050.928975, "_runtime": 9.761615991592407, "_step": 0, "_wandb": {"runtime": 9}}