{"loss": 2552432.0, "ratio": 3.0948305130004883, "_timestamp": 1701062673.919418, "_runtime": 38.95733904838562, "_step": 332, "_wandb": {"runtime": 38}}