{"loss": 6317.42041015625, "ratio": 2.996553704767375, "_timestamp": 1701208389.425154, "_runtime": 381.66593408584595, "_step": 687, "_wandb": {"runtime": 381}}