{"loss": 1717159.125, "ratio": 2.4899463653564453, "_timestamp": 1701059425.121525, "_runtime": 448.5821170806885, "_step": 4245}