{"loss": 10665588.0, "ratio": 3.422532796859741, "_timestamp": 1701059849.73663, "_runtime": 199.59240198135376, "_step": 1859, "_wandb": {"runtime": 198}}